id,name,description,color,archived,location,personal_owner_id,slug,namespace,authority_level,entity_id,created_at
1,Admin's Personal Collection,,#31698A,f,/,1,admin_s_personal_collection,,,fys23269dgpo1ZrvjEtb7,2024-12-10 16:32:21.385333+08
2,Bahmni Analytics,,#DDDDDD,f,/,,bahmni_analytics,,,lZ6oGHtLflQahog2roL1u,2024-12-10 16:32:22.43032+08
3,Kumar Vishwanideep's Personal Collection,,#31698A,f,/,2,kumar_vishwanideep_s_personal_collection,,,yZKn4BeViIJB5Brh_gFzj,2024-12-16 16:51:22.259277+08
4,penang pmr's Personal Collection,,#31698A,f,/,5,penang_pmr_s_personal_collection,,,UUW1sTbnYJYGUSdh6hb04,2024-12-16 17:03:15.9409+08
5,penang mam's Personal Collection,,#31698A,f,/,9,penang_mam_s_personal_collection,,,G4DKilekmt29iDS739LAY,2024-12-16 17:07:12.336858+08
6,malaysia medco's Personal Collection,,#31698A,f,/,6,malaysia_medco_s_personal_collection,,,9-WGEVFK1mb0gLRAkp6s5,2024-12-16 17:08:00.965526+08
7,penang data's Personal Collection,,#31698A,f,/,7,penang_data_s_personal_collection,,,iXzNuSeIKGAmfvbZBl5-u,2024-12-16 17:11:40.337771+08
8,penang md's Personal Collection,,#31698A,f,/,3,penang_md_s_personal_collection,,,NmVran3R-fWjysE1GPfEA,2024-12-16 17:12:33.927464+08
9,penang headoutreach's Personal Collection,,#31698A,f,/,10,penang_headoutreach_s_personal_collection,,,G939DXCL3E6mRrxH1mV4O,2024-12-16 17:05:55.695551+08
10,penang locum-md's Personal Collection,,#31698A,f,/,11,penang_locum_md_s_personal_collection,,,BVGepPRsn6cDt2MCHhYmt,2024-12-16 17:04:09.372513+08
11,penang locum-md2's Personal Collection,,#31698A,f,/,8,penang_locum_md2_s_personal_collection,,,2zGxKXZftSa8KXClZeIKp,2024-12-16 17:01:07.133991+08
12,penang md2's Personal Collection,,#31698A,f,/,12,penang_md2_s_personal_collection,,,eSfWDVmx1lQ3xToohaIbG,2024-12-16 17:12:22.406872+08
13,penang md3's Personal Collection,,#31698A,f,/,4,penang_md3_s_personal_collection,,,jbtU8j74WGVbM-V3NSOvz,2024-12-16 17:11:41.454371+08
14,penang nurse-supervisor's Personal Collection,,#31698A,f,/,13,penang_nurse_supervisor_s_personal_collection,,,I0S42UtdWDoagcAhQ8kj-,2024-12-16 17:09:20.730757+08
15,penang pharma's Personal Collection,,#31698A,f,/,14,penang_pharma_s_personal_collection,,,8NMwt8OJSFj7vASl1oDJe,2024-12-16 17:05:15.848851+08
21,SRH Visit Reports,,#509EE3,t,/16/,,srh_visit_reports,,,amsbfMUvxyR1L9rF6AwLR,2024-12-17 23:40:11.93465+08
16,1. Cohort Dashboard,,#509EE3,f,/,,1__cohort_dashboard,,,JrN_EvFQKQHpOymsD-kTj,2024-12-16 19:42:32.40714+08
18,2. SRH Dashboard,,#509EE3,f,/,,2__srh_dashboard,,,zTuj8-BFBWu5htVtMtmRQ,2024-12-17 23:41:33.859127+08
17,3. SGBV Dashboard,,#509EE3,f,/,,3__sgbv_dashboard,,,ckVBwjqAhwLQf9yy4ixE3,2024-12-17 23:41:22.977326+08
19,4. Demographics Dashboard,,#509EE3,f,/,,4__demographics_dashboard,,,eJraEEwEtwrQ98tRCQ1C7,2024-12-17 23:41:52.968119+08
20,5. Laboratory Dashboard,,#509EE3,f,/,,5__laboratory_dashboard,,,LOms6UJG7DETAITns3dJK,2024-12-17 23:42:14.405902+08
