id,email,first_name,last_name,password,password_salt,date_joined,last_login,is_superuser,is_active,reset_token,reset_triggered,is_qbnewb,login_attributes,updated_at,sso_source,locale,is_datasetnewb
1,admin@mybahmni.org,Admin,,$2a$10$eG8pDqbj/uqU3T4JsQRwie/NAdCgS/VqgW3Y/mUKttiWIw/o4Ia4e,d2810df4-52aa-4a18-8734-6c58600ba1c9,2024-12-14 00:21:36.334208+08,2024-12-20 18:53:03.117781+08,t,t,,,f,,2024-12-20 18:53:03.117781,,,t
2,vishwanikiit.13@yopmail.com,Kumar,Vishwanideep,$2a$10$Ir3EJPDWEkoWMXaFkQzJ9.0r5v/.rMismX.feLQ.4hbfH6UuJEDW2,f832f7d4-d62f-4109-9e0e-1f8d4d166e29,2024-12-16 16:51:20.410852+08,2024-12-16 16:52:12.329967+08,f,f,$2a$10$MbHEgC5pMt.0zcWE1hre1eY/Tqvvk/aGq0JgqAhF5.yTCD8RDwRAC,1734339080820,t,,2024-12-16 17:01:14.648416,,,t
3,penang.md@gmail.com,penang,md,$2a$10$NmFCJJSD6gF7bzN3/nZYX.0E71eaCBfiI7j.p4AiOPsS1ZnN5uAve,0ab27039-6231-48fe-a411-d438cc6a4212,2024-12-16 17:12:32.817452+08,,f,t,$2a$10$Oqpr7SGhLjanzhRB6DTM4uOseH.9iYaWaiGQe55t0WOgnMtSnOerS,1734340353215,t,,2024-12-16 17:12:32.817452,,,t
4,penang.md3@gmail.com,penang,md3,$2a$10$kJvzLKSrv8.6mAf/qDu/7eLI8B0oImYFsHFOXa8.7YxQpXJ2Zfs0K,3a2f3557-9548-492c-9bb7-4a7cc620f78b,2024-12-16 17:11:40.018274+08,2024-12-16 20:02:38.969732+08,f,t,$2a$10$xBW6oS0JIJRUSICJ9M2nz./1gPPMjv5R2DPO6YwCuMgrv8XKL8zfa,1734340300732,f,,2024-12-16 20:03:05.205379,,,t
5,penang.pmr@gmail.com,penang,pmr,$2a$10$6yHBdBs7l2rSVkvb2EUf1eDdjMP6Ble1LgY8Zuweb9wC3/kY7rPDO,3ce5ad75-5c86-42ad-9a79-2ecaacb2a85d,2024-12-16 17:03:14.725074+08,2024-12-16 17:19:32.724883+08,f,t,$2a$10$.Fe0MvTPNpYnhQQHrIydR.poTob4/i5QuS9bsbaL5rPxttfd7NMIS,1734339795132,f,,2024-12-16 17:19:32.724883,,,t
6,malaysia.medco@gmail.com,malaysia,medco,$2a$10$kRVmrC8RBoFam8Rhbi8rn.1D1vSejtQ92YFWgjIwHw1SZ/SxGCC5.,1fcf1264-1062-4a1a-817b-24b87854c823,2024-12-16 17:07:59.700164+08,2024-12-16 17:08:48.090668+08,f,t,$2a$10$XnxejmQx9H786Xe4cPqat.zzV2Rq8SpZc8/cSb5BfVrcpt/QKtKBq,1734340080174,t,,2024-12-16 17:08:48.090668,,,t
7,penang.data@gmail.com,penang,data,$2a$10$DPpsvqs4QqbT5VYza0P60Os8qogI21LQVXYhcaGTnU0QsmxrzH2pW,b614f0a3-801a-476c-a46b-8af10c54658f,2024-12-16 17:11:38.882944+08,2024-12-16 20:44:19.526719+08,f,t,$2a$10$ecChxBz2SsK9qoSrehqqeeahBj//WdyvZMYYJk/xwSqpqtanukVpG,1734340299298,f,,2024-12-16 20:44:19.526719,,,t
8,penang.locum-md2@gmail.com,penang,locum-md2,$2a$10$gEnkMGaGiiWyZKgFa2cZaOsNuBIpdt.Z5b6cJV3eHjmHp1VZBhJV2,91e198bc-bc97-4069-b21f-46c89e7b6d4d,2024-12-16 17:01:05.620561+08,2024-12-18 15:10:18.413143+08,f,t,,,f,,2024-12-18 15:10:18.413143,,,t
9,penang.mam@gmail.com,penang,mam,$2a$10$R65/7NFGB3Hm.6biafnbVugh8wWKKV.fqBzc1aOArWtFggatPZvnK,97b2fdbe-2e70-4321-b67a-b8a204559f92,2024-12-16 17:07:10.815283+08,2024-12-16 17:20:32.580393+08,f,t,$2a$10$rBeTiXKSWmd5lrI48bILA.qoGe5H4/AsO4ZzplxWgU58Fvn3LMTY2,1734340031447,t,,2024-12-16 17:20:32.580393,,,t
10,penang.headoutreach@gmail.com,penang,headoutreach,$2a$10$mTmpov1.zsLolPp.z/rP/ubvJxIxaSzrexBOEC0wenhZLBoy.kiQS,dcf40e9d-3557-459a-90e4-d8acc2cb6c90,2024-12-16 17:05:54.417214+08,,f,t,$2a$10$mF/5aUkTOYFmm1pgSu/rpehychRT4P7XVY7lF46h7VHV6g2z.eoW2,1734339954976,t,,2024-12-16 17:22:48.499237,,,t
11,penang.locum-md@gmail.com,penang,locum-md,$2a$10$SbpG0.y/CNELoc5dRzbbC.ta.jwBLuiHDYotwYLmbSKKhlmb6sd1a,2a66b61e-7f90-4e52-a2f6-0c2617331271,2024-12-16 17:04:07.849246+08,,f,t,$2a$10$iYpUW9WqYong9KCxxxpL3OHnrStIsoze1ao5ED9QaQkj5fNFywDR6,1734339848411,t,,2024-12-16 17:23:06.410532,,,t
12,penang.md2@gmail.com,penang,md2,$2a$10$fn3slfAkhqO5Uj7sGI2odeVVmFVbmW1ykCyQP6SPgEDG0Lnonzebu,9c3e4318-4369-4225-9be4-7a89c541349b,2024-12-16 17:12:21.208182+08,,f,t,$2a$10$e8qmvgOucvEjfB5rT07sD.CLfIN4N1RdZ.ge5TNsrJThAAy4Gsdd6,1734340341684,t,,2024-12-16 17:23:38.501257,,,t
13,penang.nurse-supervisor@gmail.com,penang,nurse-supervisor,$2a$10$EAPYJAMfaXqwl5Nf8Wl5f.vLjjNXvpjG4kuA7h6X9p/wdPS7rCrJ.,12c4a2f6-0857-46b7-9224-f126a19d920d,2024-12-16 17:09:19.461837+08,,f,t,$2a$10$lLkjYHn9ZW.ekwd2Ajd5OO1ZVLQjjNPoEnBtsKoOZ36dueeWmXsgu,1734340160003,t,,2024-12-16 17:24:37.215604,,,t
14,penang.pharma@gmail.com,penang,pharma,$2a$10$ioKypRgvSlIW1TyiuOmYtOUYjuD0cPLCSMeog1/aNV09m9kZ1TNk6,9bf51f12-b055-47f2-af0e-793d09f0c050,2024-12-16 17:05:14.888556+08,,f,t,$2a$10$SGV6R6xtND1CSAmrGZLpbOkgoH0caR27G9Zd7wMKSB4rI82uPOvK6,1734339915223,t,,2024-12-16 17:24:52.977466,,,t
