id,created_at,updated_at,name,description,entity_type,active,db_id,display_name,visibility_type,schema,points_of_interest,caveats,show_in_getting_started,field_order,initial_sync_status
292,2024-12-14 02:18:00.108603+08,2024-12-14 02:18:04.436972+08,other_referrals,,entity/GenericTable,t,3,Other Referrals,,public,,,f,database,complete
288,2024-12-14 02:18:00.085574+08,2024-12-14 02:18:04.425883+08,clinical_sac,,entity/GenericTable,t,3,Clinical Sac,,public,,,f,database,complete
290,2024-12-14 02:18:00.099965+08,2024-12-14 02:18:04.441634+08,clinical_sgbv,,entity/GenericTable,t,3,Clinical Sgbv,,public,,,f,database,complete
289,2024-12-14 02:18:00.094778+08,2024-12-14 02:18:04.445118+08,clinical_opd,,entity/GenericTable,t,3,Clinical Opd,,public,,,f,database,complete
291,2024-12-14 02:18:00.104485+08,2024-12-14 02:18:04.448993+08,medical_history,,entity/GenericTable,t,3,Medical History,,public,,,f,database,complete
293,2024-12-14 02:18:00.113241+08,2024-12-14 02:18:04.453832+08,barriers_accessing_care,,entity/GenericTable,t,3,Barriers Accessing Care,,public,,,f,database,complete
228,2024-12-14 01:10:43.76482+08,2024-12-14 01:10:57.028028+08,batch_step_execution_context,,entity/GenericTable,t,3,Batch Step Execution Context,,public,,,f,database,complete
246,2024-12-14 01:10:43.833948+08,2024-12-14 01:10:57.100084+08,markers,,entity/GenericTable,t,3,Markers,,public,,,f,database,complete
222,2024-12-14 01:10:43.743223+08,2024-12-14 01:10:57.013057+08,task_execution,,entity/GenericTable,t,3,Task Execution,,public,,,f,database,complete
227,2024-12-14 01:10:43.761583+08,2024-12-14 01:10:57.024029+08,task_execution_params,,entity/GenericTable,t,3,Task Execution Params,,public,,,f,database,complete
218,2024-12-14 01:10:43.729496+08,2024-12-14 01:10:57.082255+08,task_task_batch,,entity/GenericTable,t,3,Task Task Batch,,public,,,f,database,complete
255,2024-12-14 01:10:43.861887+08,2024-12-14 01:10:43.861887+08,databasechangeloglock,,,t,3,Databasechangeloglock,cruft,public,,,f,database,complete
243,2024-12-14 01:10:43.818294+08,2024-12-20 13:52:43.210246+08,batch_job_execution,,entity/GenericTable,t,3,Batch Job Execution,hidden,public,,,f,database,complete
214,2024-12-14 01:10:43.710415+08,2024-12-14 01:10:57.068945+08,patient_vitals,,entity/GenericTable,t,3,Patient Vitals,,public,,,f,database,complete
226,2024-12-14 01:10:43.757466+08,2024-12-14 01:10:57.143625+08,referred_to,,entity/GenericTable,t,3,Referred To,,public,,,f,database,complete
278,2024-12-14 01:10:43.95604+08,2024-12-14 01:10:57.205193+08,urine_dipstick,,entity/GenericTable,t,3,Urine Dipstick,,public,,,f,database,complete
248,2024-12-14 01:10:43.839602+08,2024-12-14 01:10:57.045699+08,batch_job_execution_params,,entity/GenericTable,t,3,Batch Job Execution Params,,public,,,f,database,complete
286,2024-12-14 01:10:43.992251+08,2024-12-14 01:10:57.230408+08,batch_job_instance,,entity/GenericTable,t,3,Batch Job Instance,,public,,,f,database,complete
283,2024-12-14 01:10:43.982713+08,2024-12-14 01:10:57.218826+08,batch_step_execution,,entity/GenericTable,t,3,Batch Step Execution,,public,,,f,database,complete
285,2024-12-14 01:10:43.989271+08,2024-12-14 01:10:57.227257+08,batch_job_execution_context,,entity/GenericTable,t,3,Batch Job Execution Context,,public,,,f,database,complete
217,2024-12-14 01:10:43.72506+08,2024-12-14 01:10:57.078793+08,bacteriology_concept_set,,entity/GenericTable,t,3,Bacteriology Concept Set,,public,,,f,database,complete
219,2024-12-14 01:10:43.733263+08,2024-12-14 01:10:57.085485+08,patient_bed_tags_history_view,,entity/GenericTable,t,3,Patient Bed Tags History View,,public,,,f,database,complete
220,2024-12-14 01:10:43.736495+08,2024-12-14 01:10:57.087853+08,patient_details_view,,entity/GenericTable,t,3,Patient Details View,,public,,,f,database,complete
221,2024-12-14 01:10:43.740077+08,2024-12-14 01:10:57.010354+08,appointment_service_default,,entity/GenericTable,t,3,Appointment Service Default,,public,,,f,database,complete
223,2024-12-14 01:10:43.746729+08,2024-12-14 01:10:57.016038+08,person_attributes,,entity/UserTable,t,3,Person Attributes,,public,,,f,database,complete
224,2024-12-14 01:10:43.750308+08,2024-12-14 01:10:57.020462+08,program_workflow_default,,entity/GenericTable,t,3,Program Workflow Default,,public,,,f,database,complete
229,2024-12-14 01:10:43.76761+08,2024-12-14 01:10:57.032315+08,bed_tags_default,,entity/GenericTable,t,3,Bed Tags Default,,public,,,f,database,complete
231,2024-12-14 01:10:43.774568+08,2024-12-14 01:10:57.148528+08,surgical_block_default,,entity/GenericTable,t,3,Surgical Block Default,,public,,,f,database,complete
236,2024-12-14 01:10:43.792951+08,2024-12-14 01:10:57.162224+08,medication_data_default,,entity/GenericTable,t,3,Medication Data Default,,public,,,f,database,complete
237,2024-12-14 01:10:43.796575+08,2024-12-14 01:10:57.165276+08,program_attributes,,entity/GenericTable,t,3,Program Attributes,,public,,,f,database,complete
215,2024-12-14 01:10:43.715125+08,2024-12-14 01:10:57.072636+08,bed_management_locations_view,,entity/GenericTable,t,3,Bed Management Locations View,,public,,,f,database,complete
234,2024-12-14 01:10:43.785134+08,2024-12-14 01:10:57.157052+08,patient_bed_view,,entity/GenericTable,t,3,Patient Bed View,,public,,,f,database,complete
235,2024-12-14 01:10:43.78947+08,2024-12-14 01:10:57.159389+08,person_attribute_info_default,,entity/UserTable,t,3,Person Attribute Info Default,,public,,,f,database,complete
245,2024-12-14 01:10:43.831199+08,2024-12-14 01:10:57.094365+08,patient_identifier,,entity/GenericTable,t,3,Patient Identifier,,public,,,f,database,complete
247,2024-12-14 01:10:43.836885+08,2024-12-14 01:10:57.102662+08,provider_attributes,,entity/GenericTable,t,3,Provider Attributes,,public,,,f,database,complete
253,2024-12-14 01:10:43.855492+08,2024-12-14 01:10:57.113614+08,visit_diagnoses,,entity/GenericTable,t,3,Visit Diagnoses,,public,,,f,database,complete
259,2024-12-14 01:10:43.875832+08,2024-12-14 01:10:43.875832+08,databasechangelog,,,t,3,Databasechangelog,cruft,public,,,f,database,complete
267,2024-12-14 01:10:43.9125+08,2024-12-14 01:10:57.249421+08,laboratory,,entity/GenericTable,t,3,Laboratory,,public,,,f,database,complete
268,2024-12-14 01:10:43.921531+08,2024-12-14 01:10:57.251933+08,provider,,entity/GenericTable,t,3,Provider,,public,,,f,database,complete
256,2024-12-14 01:10:43.865479+08,2024-12-14 01:10:57.120761+08,provider_default,,entity/GenericTable,t,3,Provider Default,,public,,,f,database,complete
257,2024-12-14 01:10:43.869612+08,2024-12-14 01:10:57.053944+08,patient_program_data_default,,entity/GenericTable,t,3,Patient Program Data Default,,public,,,f,database,complete
260,2024-12-14 01:10:43.879272+08,2024-12-14 01:10:57.238583+08,bed_patient_assignment_default,,entity/GenericTable,t,3,Bed Patient Assignment Default,,public,,,f,database,complete
261,2024-12-14 01:10:43.882866+08,2024-12-14 01:10:57.241595+08,disposition_set,,entity/GenericTable,t,3,Disposition Set,,public,,,f,database,complete
262,2024-12-14 01:10:43.885715+08,2024-12-14 01:10:57.059765+08,current_bed_details_default,,entity/GenericTable,t,3,Current Bed Details Default,,public,,,f,database,complete
263,2024-12-14 01:10:43.900345+08,2024-12-14 01:10:57.064355+08,lab_samples,,entity/GenericTable,t,3,Lab Samples,,public,,,f,database,complete
270,2024-12-14 01:10:43.928682+08,2024-12-14 01:10:57.257134+08,surgical_appointment_attribute_type_details_default,,entity/GenericTable,t,3,Surgical Appointment Attribute Type Details Default,,public,,,f,database,complete
271,2024-12-14 01:10:43.931912+08,2024-12-14 01:10:57.135237+08,patient_program_medication_view,,entity/GenericTable,t,3,Patient Program Medication View,,public,,,f,database,complete
274,2024-12-14 01:10:43.942631+08,2024-12-14 01:10:57.179787+08,patient_program_state_view,,entity/GenericTable,t,3,Patient Program State View,,public,,,f,database,complete
275,2024-12-14 01:10:43.946243+08,2024-12-14 01:10:57.26757+08,patient_diagnosis_condition_view,,entity/GenericTable,t,3,Patient Diagnosis Condition View,,public,,,f,database,complete
276,2024-12-14 01:10:43.94931+08,2024-12-14 01:10:57.196992+08,location_default,,entity/GenericTable,t,3,Location Default,,public,,,f,database,complete
277,2024-12-14 01:10:43.952438+08,2024-12-14 01:10:57.201573+08,program_workflow_states_default,,entity/GenericTable,t,3,Program Workflow States Default,,public,,,f,database,complete
279,2024-12-14 01:10:43.9626+08,2024-12-14 01:10:57.190311+08,patient_information_view,,entity/GenericTable,t,3,Patient Information View,,public,,,f,database,complete
287,2024-12-14 01:10:43.995938+08,2024-12-14 01:10:57.232953+08,provider_attribute_details_default,,entity/GenericTable,t,3,Provider Attribute Details Default,,public,,,f,database,complete
225,2024-12-14 01:10:43.753055+08,2024-12-14 01:10:57.140865+08,program_outcomes_default,,entity/GenericTable,t,3,Program Outcomes Default,,public,,,f,database,complete
230,2024-12-14 01:10:43.771674+08,2024-12-14 01:10:57.034453+08,radiology_orders,,entity/TransactionTable,t,3,Radiology Orders,,public,,,f,database,complete
232,2024-12-14 01:10:43.777926+08,2024-12-14 01:10:57.151074+08,patient_appointment_view,,entity/GenericTable,t,3,Patient Appointment View,,public,,,f,database,complete
233,2024-12-14 01:10:43.781492+08,2024-12-14 01:10:57.154493+08,visit_attributes,,entity/GenericTable,t,3,Visit Attributes,,public,,,f,database,complete
254,2024-12-14 01:10:43.858098+08,2024-12-14 01:10:57.118139+08,clinical_srh,,entity/GenericTable,t,3,Clinical Srh,,public,,,f,database,complete
244,2024-12-14 01:10:43.825478+08,2024-12-14 01:10:57.09087+08,patient_visit_details_default,,entity/GenericTable,t,3,Patient Visit Details Default,,public,,,f,database,complete
249,2024-12-14 01:10:43.8425+08,2024-12-14 01:10:57.048826+08,conditions_default,,entity/GenericTable,t,3,Conditions Default,,public,,,f,database,complete
250,2024-12-14 01:10:43.846165+08,2024-12-14 01:10:57.211033+08,address_hierarchy_level_default,,entity/GenericTable,t,3,Address Hierarchy Level Default,,public,,,f,database,complete
251,2024-12-14 01:10:43.849115+08,2024-12-14 01:10:57.106217+08,patient_allergy_status_default,,entity/GenericTable,t,3,Patient Allergy Status Default,,public,,,f,database,complete
241,2024-12-14 01:10:43.810662+08,2024-12-14 01:10:57.207588+08,patient_program_view,,entity/GenericTable,t,3,Patient Program View,,public,,,f,database,complete
252,2024-12-14 01:10:43.851783+08,2024-12-14 01:10:57.109626+08,patient_visits_encounters_view,,entity/GenericTable,t,3,Patient Visits Encounters View,,public,,,f,database,complete
216,2024-12-14 01:10:43.721366+08,2024-12-14 01:10:57.075962+08,location_attribute_details_default,,entity/GenericTable,t,3,Location Attribute Details Default,,public,,,f,database,complete
238,2024-12-14 01:10:43.800779+08,2024-12-14 01:10:57.168798+08,bed_management_view,,entity/GenericTable,t,3,Bed Management View,,public,,,f,database,complete
239,2024-12-14 01:10:43.80399+08,2024-12-14 01:10:57.172407+08,visit_attribute_details_default,,entity/GenericTable,t,3,Visit Attribute Details Default,,public,,,f,database,complete
240,2024-12-14 01:10:43.807599+08,2024-12-14 01:10:57.175207+08,programs_default,,entity/GenericTable,t,3,Programs Default,,public,,,f,database,complete
242,2024-12-14 01:10:43.814846+08,2024-12-14 01:10:57.038277+08,person_address_default,,entity/UserTable,t,3,Person Address Default,,public,,,f,database,complete
258,2024-12-14 01:10:43.872315+08,2024-12-14 01:10:57.124239+08,patient_encounter_details_default,,entity/GenericTable,t,3,Patient Encounter Details Default,,public,,,f,database,complete
264,2024-12-14 01:10:43.903003+08,2024-12-14 01:10:57.245828+08,surgical_appointment_default,,entity/GenericTable,t,3,Surgical Appointment Default,,public,,,f,database,complete
280,2024-12-14 01:10:43.973877+08,2024-12-14 01:10:57.193302+08,appointment_admin_panel_view,,entity/GenericTable,t,3,Appointment Admin Panel View,,public,,,f,database,complete
281,2024-12-14 01:10:43.976392+08,2024-12-14 01:10:57.213269+08,appointment_speciality_default,,entity/GenericTable,t,3,Appointment Speciality Default,,public,,,f,database,complete
282,2024-12-14 01:10:43.979293+08,2024-12-14 01:10:57.21546+08,patient_state_default,,entity/GenericTable,t,3,Patient State Default,,public,,,f,database,complete
284,2024-12-14 01:10:43.985868+08,2024-12-14 01:10:57.223366+08,patient_operation_theater_view,,entity/GenericTable,t,3,Patient Operation Theater View,,public,,,f,database,complete
213,2024-12-14 01:10:43.705783+08,2024-12-14 01:10:57.235536+08,meta_data_dictionary,,entity/GenericTable,t,3,Meta Data Dictionary,,public,,,f,database,complete
265,2024-12-14 01:10:43.90597+08,2024-12-14 01:10:57.12801+08,patient_appointment_default,,entity/GenericTable,t,3,Patient Appointment Default,,public,,,f,database,complete
266,2024-12-14 01:10:43.909212+08,2024-12-14 01:10:57.131285+08,location_tag_map_default,,entity/GenericTable,t,3,Location Tag Map Default,,public,,,f,database,complete
269,2024-12-14 01:10:43.924694+08,2024-12-14 01:10:57.254232+08,person_details_default,,entity/UserTable,t,3,Person Details Default,,public,,,f,database,complete
272,2024-12-14 01:10:43.935977+08,2024-12-14 01:10:57.259987+08,surgical_appointment_attributes,,entity/GenericTable,t,3,Surgical Appointment Attributes,,public,,,f,database,complete
273,2024-12-14 01:10:43.93897+08,2024-12-14 01:10:57.26447+08,service_availability_default,,entity/GenericTable,t,3,Service Availability Default,,public,,,f,database,complete
