id,object,group_id
1,/,2
3,/application/subscription/,1
4,/collection/namespace/snippets/root/,1
6,/download/db/1/,1
7,/download/db/1/native/,1
9,/download/db/2/,1
11,/download/db/3/,1
13,/download/db/2/native/,1
15,/download/db/3/native/,1
17,/db/3/native/,4
18,/db/3/schema/,4
19,/db/3/schema/public/table/280/,3
20,/db/3/schema/public/table/221/,3
21,/db/3/schema/public/table/293/,3
22,/db/3/schema/public/table/289/,3
23,/db/3/schema/public/table/288/,3
24,/db/3/schema/public/table/290/,3
25,/db/3/schema/public/table/254/,3
26,/db/3/schema/public/table/267/,3
27,/db/3/schema/public/table/291/,3
28,/db/3/schema/public/table/236/,3
29,/db/3/schema/public/table/292/,3
30,/db/3/schema/public/table/265/,3
31,/db/3/schema/public/table/232/,3
32,/db/3/schema/public/table/220/,3
33,/db/3/schema/public/table/245/,3
34,/db/3/schema/public/table/279/,3
35,/db/3/schema/public/table/282/,3
36,/db/3/schema/public/table/244/,3
37,/db/3/schema/public/table/214/,3
38,/db/3/schema/public/table/242/,3
39,/db/3/schema/public/table/235/,3
40,/db/3/schema/public/table/223/,3
41,/db/3/schema/public/table/273/,3
42,/db/3/schema/public/table/278/,3
43,/db/3/schema/public/table/226/,3
44,/db/3/schema/public/table/230/,3
45,/db/3/schema/public/table/256/,3
46,/db/3/schema/public/table/247/,3
47,/db/3/schema/public/table/287/,3
48,/db/3/schema/public/table/268/,3
49,/collection/16/read/,3
50,/collection/19/read/,3
51,/collection/20/read/,3
52,/collection/17/read/,3
53,/collection/18/read/,3
56,/db/1/schema/,4
57,/db/2/schema/,4
