id,created_at,updated_at,name,description,creator_id,parameters,points_of_interest,caveats,show_in_getting_started,public_uuid,made_public_by_id,enable_embedding,embedding_params,archived,position,collection_id,collection_position,cache_ttl,entity_id,is_app_page
2,2024-12-10 19:20:05.403433+08,2024-12-18 01:00:37.858583+08,Malaysia Dashbaord,,1,[],,,f,,,f,,f,,,,,1                    ,f
6,2024-12-17 22:23:39.858936+08,2024-12-20 15:15:04.947773+08,1. Cohort Dashboard,,1,[],,,f,,,f,,f,,16,1,,3                    ,f
5,2024-12-18 01:11:32.090758+08,2024-12-20 15:25:18.609085+08,2. SRH Dashboard,,1,[],,,f,,,f,,f,,18,1,,6                    ,f
4,2024-12-18 01:12:37.68859+08,2024-12-20 15:26:23.666227+08,3. SGBV Dashboard,,1,[],,,f,,,f,,f,,17,1,,7                    ,f
1,2024-12-18 00:49:06.564655+08,2024-12-20 15:28:48.529351+08,4. Demographics Dashboard,,1,[],,,f,,,f,,f,,19,1,,4                    ,f
3,2024-12-18 01:07:40.335815+08,2024-12-20 15:32:20.277112+08,5. Laboratory Dashboard,,1,[],,,f,,,f,,f,,20,1,,5                    ,f
